<Index dataContractVersion="2013" xmlns="http://www.sdltridion.com/ContentManager/ImportExport/Package/2013">
  <Item id="tcm:0-0-0" selected="false" exported="false">
    <Item id="tcm:0-1051-1" title="000%20Empty%20Parent" itemType="Publication" selected="true" exported="true">
      <Item id="tcm:1051-1233-2" title="Building%20Blocks" itemType="Folder" blueprintStatus="LocalItem" selected="false" exported="true">
        <Item id="tcm:1051-1234-2" title="Default%20Templates" itemType="Folder" blueprintStatus="LocalItem" selected="false" exported="true">
          <Item id="tcm:1051-7056-2048" title="Cleanup%20Template" extension="tbbcs" itemType="TemplateBuildingBlock" blueprintStatus="LocalItem" selected="false" exported="true" />
          <Item id="tcm:1051-7062-2048" title="Convert%20Xml%20to%20Html" extension="tbbcs" itemType="TemplateBuildingBlock" blueprintStatus="LocalItem" selected="false" exported="true" />
          <Item id="tcm:1051-7061-8" title="Convert%20Xml%20to%20Html" extension="xsd" itemType="Schema" subtype="6" blueprintStatus="LocalItem" selected="false" exported="true" />
          <Item id="tcm:1051-7080-32" title="Default%20Component%20Template" extension="tctcmp" itemType="ComponentTemplate" blueprintStatus="LocalItem" selected="false" exported="true" />
          <Item id="tcm:1051-7074-2048" title="Default%20Dreamweaver%20Component%20Design" extension="dwt" itemType="TemplateBuildingBlock" blueprintStatus="LocalItem" selected="false" exported="true" />
          <Item id="tcm:1051-7075-2048" title="Default%20Dreamweaver%20Page%20Design" extension="dwt" itemType="TemplateBuildingBlock" blueprintStatus="LocalItem" selected="false" exported="true" />
          <Item id="tcm:1051-7078-2048" title="Default%20Finish%20Actions" extension="tbbcmp" itemType="TemplateBuildingBlock" blueprintStatus="LocalItem" selected="false" exported="true" />
          <Item id="tcm:1051-7077-8" title="Default%20Finish%20Actions" extension="xsd" itemType="Schema" subtype="6" blueprintStatus="LocalItem" selected="false" exported="true" />
          <Item id="tcm:1051-7079-128" title="Default%20Page%20Template" extension="tptcmp" itemType="PageTemplate" blueprintStatus="LocalItem" selected="false" exported="true" />
          <Item id="tcm:1051-7073-8" title="Dreamweaver%20Region%20Selection" extension="xsd" itemType="Schema" subtype="6" blueprintStatus="LocalItem" selected="false" exported="true" />
          <Item id="tcm:1051-7065-2048" title="Extract%20Components%20from%20Page" extension="tbbcs" itemType="TemplateBuildingBlock" blueprintStatus="LocalItem" selected="false" exported="true" />
          <Item id="tcm:1051-7069-2048" title="Link%20Resolver" extension="tbbcs" itemType="TemplateBuildingBlock" blueprintStatus="LocalItem" selected="false" exported="true" />
          <Item id="tcm:1051-7068-8" title="Link%20Resolver" extension="xsd" itemType="Schema" subtype="6" blueprintStatus="LocalItem" selected="false" exported="true" />
          <Item id="tcm:1051-7071-2048" title="Publish%20Binaries%20in%20Package" extension="tbbcs" itemType="TemplateBuildingBlock" blueprintStatus="LocalItem" selected="false" exported="true" />
          <Item id="tcm:1051-7070-8" title="Publish%20Binaries%20in%20Package" extension="xsd" itemType="Schema" subtype="6" blueprintStatus="LocalItem" selected="false" exported="true" />
          <Item id="tcm:1051-7072-2048" title="Target%20Group%20Personalization" extension="tbbcs" itemType="TemplateBuildingBlock" blueprintStatus="LocalItem" selected="false" exported="true" />
          <Item id="tcm:1051-7104-2048" title="Tridion%2EExtensions%2EContextExpressions%2ETemplates" extension="tbbasm" itemType="TemplateBuildingBlock" blueprintStatus="LocalItem" selected="false" exported="true" />
        </Item>
        <Item id="tcm:1051-7054-8" title="Default%20Multimedia%20Schema" extension="xsd" itemType="Schema" subtype="1" blueprintStatus="LocalItem" selected="false" exported="true" />
      </Item>
      <Item id="tcm:1051-25-131074" title="One%20Step%20Workflow%20Process" extension="tpd" itemType="ProcessDefinition" blueprintStatus="LocalItem" selected="true" exported="true" />
      <Item id="tcm:1051-20-131074" title="Task%20Process" extension="tpd" itemType="ProcessDefinition" blueprintStatus="LocalItem" selected="false" exported="true" />
    </Item>
    <Item id="tcm:0-39-65568" title="Approver" extension="tgp" itemType="Group" selected="false" exported="true" />
    <Item id="tcm:0-5-65568" title="Author" extension="tgp" itemType="Group" selected="false" exported="true" />
    <Item id="tcm:0-13-65544" title="Bitmap%20image" extension="tmt" itemType="MultimediaType" selected="false" exported="true" />
    <Item id="tcm:0-19-65544" title="Cascading%20style%20sheets" extension="tmt" itemType="MultimediaType" selected="false" exported="true" />
    <Item id="tcm:0-21-65544" title="Configuration%20settings" extension="tmt" itemType="MultimediaType" selected="false" exported="true" />
    <Item id="tcm:0-1-131073" title="Default_Draft" extension="tas" itemType="ApprovalStatus" selected="false" exported="true" />
    <Item id="tcm:0-3-131073" title="Default_Live" extension="tas" itemType="ApprovalStatus" selected="false" exported="true" />
    <Item id="tcm:0-2-131073" title="Default_Staging" extension="tas" itemType="ApprovalStatus" selected="false" exported="true" />
    <Item id="53ed79b662de43dfb5f2c0a64173db8a" title="Everyone" extension="tgp" itemType="Group" selected="false" exported="false" />
    <Item id="tcm:0-5-65544" title="Excel%20sheet" extension="tmt" itemType="MultimediaType" selected="false" exported="true" />
    <Item id="tcm:0-11-65544" title="Executable" extension="tmt" itemType="MultimediaType" selected="false" exported="true" />
    <Item id="tcm:0-23-65544" title="Favicon" extension="tmt" itemType="MultimediaType" selected="false" exported="true" />
    <Item id="tcm:0-18-65544" title="Flash%20file" extension="tmt" itemType="MultimediaType" selected="false" exported="true" />
    <Item id="tcm:0-1-65544" title="Gif%20image" extension="tmt" itemType="MultimediaType" selected="false" exported="true" />
    <Item id="tcm:0-20-65544" title="Java%20script" extension="tmt" itemType="MultimediaType" selected="false" exported="true" />
    <Item id="tcm:0-2-65544" title="Jpeg%20image" extension="tmt" itemType="MultimediaType" selected="false" exported="true" />
    <Item id="tcm:0-12-65544" title="MSAccess%20database" extension="tmt" itemType="MultimediaType" selected="false" exported="true" />
    <Item id="tcm:0-16-65544" title="Mp3%20music" extension="tmt" itemType="MultimediaType" selected="false" exported="true" />
    <Item id="tcm:0-17-65544" title="Mpeg%20video" extension="tmt" itemType="MultimediaType" selected="false" exported="true" />
    <Item id="tcm:0-7-65544" title="Pdf%20document" extension="tmt" itemType="MultimediaType" selected="false" exported="true" />
    <Item id="tcm:0-9-65544" title="Plain%20text" extension="tmt" itemType="MultimediaType" selected="false" exported="true" />
    <Item id="tcm:0-3-65544" title="Png%20image" extension="tmt" itemType="MultimediaType" selected="false" exported="true" />
    <Item id="tcm:0-6-65544" title="Powerpoint%20presentation" extension="tmt" itemType="MultimediaType" selected="false" exported="true" />
    <Item id="tcm:0-15-65544" title="QuickTime%20movie" extension="tmt" itemType="MultimediaType" selected="false" exported="true" />
    <Item id="tcm:0-14-65544" title="Real%20player" extension="tmt" itemType="MultimediaType" selected="false" exported="true" />
    <Item id="tcm:0-10-65544" title="Rich%20text" extension="tmt" itemType="MultimediaType" selected="false" exported="true" />
    <Item id="tcm:0-8-65544" title="Sound%20file" extension="tmt" itemType="MultimediaType" selected="false" exported="true" />
    <Item id="tcm:0-24-65544" title="Test" extension="tmt" itemType="MultimediaType" selected="false" exported="true" />
    <Item id="tcm:0-4-65544" title="Word%20document" extension="tmt" itemType="MultimediaType" selected="false" exported="true" />
    <Item id="tcm:0-22-65544" title="Zip%20file" extension="tmt" itemType="MultimediaType" selected="false" exported="true" />
  </Item>
</Index>