<Mappings xmlns="http://www.sdltridion.com/ContentManager/ImportExport/Package/2013">
  <ItemSet role="Publication">
    <Mapping exportTitle="000%20Empty%20Parent" importTitle="" />
  </ItemSet>
  <ItemSet role="Folder">
    <Mapping exportContext="/000%20Empty%20Parent" exportTitle="Building%20Blocks" importContext="" importTitle="" />
    <Mapping exportContext="/000%20Empty%20Parent/Building%20Blocks" exportTitle="Default%20Templates" importContext="" importTitle="" />
  </ItemSet>
  <ItemSet role="Schema">
    <Mapping exportContext="/000%20Empty%20Parent/Building%20Blocks" exportTitle="Default%20Multimedia%20Schema.xsd" importContext="" importTitle="" />
    <Mapping exportContext="/000%20Empty%20Parent/Building%20Blocks/Default%20Templates" exportTitle="Convert%20Xml%20to%20Html.xsd" importContext="" importTitle="" />
    <Mapping exportContext="/000%20Empty%20Parent/Building%20Blocks/Default%20Templates" exportTitle="Default%20Finish%20Actions.xsd" importContext="" importTitle="" />
    <Mapping exportContext="/000%20Empty%20Parent/Building%20Blocks/Default%20Templates" exportTitle="Dreamweaver%20Region%20Selection.xsd" importContext="" importTitle="" />
    <Mapping exportContext="/000%20Empty%20Parent/Building%20Blocks/Default%20Templates" exportTitle="Link%20Resolver.xsd" importContext="" importTitle="" />
    <Mapping exportContext="/000%20Empty%20Parent/Building%20Blocks/Default%20Templates" exportTitle="Publish%20Binaries%20in%20Package.xsd" importContext="" importTitle="" />
  </ItemSet>
  <ItemSet role="ComponentTemplate">
    <Mapping exportContext="/000%20Empty%20Parent/Building%20Blocks/Default%20Templates" exportTitle="Default%20Component%20Template.tctcmp" importContext="" importTitle="" />
  </ItemSet>
  <ItemSet role="PageTemplate">
    <Mapping exportContext="/000%20Empty%20Parent/Building%20Blocks/Default%20Templates" exportTitle="Default%20Page%20Template.tptcmp" importContext="" importTitle="" />
  </ItemSet>
  <ItemSet role="TemplateBuildingBlock">
    <Mapping exportContext="/000%20Empty%20Parent/Building%20Blocks/Default%20Templates" exportTitle="Cleanup%20Template.tbbcs" importContext="" importTitle="" />
    <Mapping exportContext="/000%20Empty%20Parent/Building%20Blocks/Default%20Templates" exportTitle="Convert%20Xml%20to%20Html.tbbcs" importContext="" importTitle="" />
    <Mapping exportContext="/000%20Empty%20Parent/Building%20Blocks/Default%20Templates" exportTitle="Default%20Dreamweaver%20Component%20Design.dwt" importContext="" importTitle="" />
    <Mapping exportContext="/000%20Empty%20Parent/Building%20Blocks/Default%20Templates" exportTitle="Default%20Dreamweaver%20Page%20Design.dwt" importContext="" importTitle="" />
    <Mapping exportContext="/000%20Empty%20Parent/Building%20Blocks/Default%20Templates" exportTitle="Default%20Finish%20Actions.tbbcmp" importContext="" importTitle="" />
    <Mapping exportContext="/000%20Empty%20Parent/Building%20Blocks/Default%20Templates" exportTitle="Extract%20Components%20from%20Page.tbbcs" importContext="" importTitle="" />
    <Mapping exportContext="/000%20Empty%20Parent/Building%20Blocks/Default%20Templates" exportTitle="Link%20Resolver.tbbcs" importContext="" importTitle="" />
    <Mapping exportContext="/000%20Empty%20Parent/Building%20Blocks/Default%20Templates" exportTitle="Publish%20Binaries%20in%20Package.tbbcs" importContext="" importTitle="" />
    <Mapping exportContext="/000%20Empty%20Parent/Building%20Blocks/Default%20Templates" exportTitle="Target%20Group%20Personalization.tbbcs" importContext="" importTitle="" />
    <Mapping exportContext="/000%20Empty%20Parent/Building%20Blocks/Default%20Templates" exportTitle="Tridion%2EExtensions%2EContextExpressions%2ETemplates.tbbasm" importContext="" importTitle="" />
  </ItemSet>
  <ItemSet role="MultimediaType">
    <Mapping exportTitle="Bitmap%20image.tmt" importTitle="" />
    <Mapping exportTitle="Cascading%20style%20sheets.tmt" importTitle="" />
    <Mapping exportTitle="Configuration%20settings.tmt" importTitle="" />
    <Mapping exportTitle="Excel%20sheet.tmt" importTitle="" />
    <Mapping exportTitle="Executable.tmt" importTitle="" />
    <Mapping exportTitle="Favicon.tmt" importTitle="" />
    <Mapping exportTitle="Flash%20file.tmt" importTitle="" />
    <Mapping exportTitle="Gif%20image.tmt" importTitle="" />
    <Mapping exportTitle="Java%20script.tmt" importTitle="" />
    <Mapping exportTitle="Jpeg%20image.tmt" importTitle="" />
    <Mapping exportTitle="Mp3%20music.tmt" importTitle="" />
    <Mapping exportTitle="Mpeg%20video.tmt" importTitle="" />
    <Mapping exportTitle="MSAccess%20database.tmt" importTitle="" />
    <Mapping exportTitle="Pdf%20document.tmt" importTitle="" />
    <Mapping exportTitle="Plain%20text.tmt" importTitle="" />
    <Mapping exportTitle="Png%20image.tmt" importTitle="" />
    <Mapping exportTitle="Powerpoint%20presentation.tmt" importTitle="" />
    <Mapping exportTitle="QuickTime%20movie.tmt" importTitle="" />
    <Mapping exportTitle="Real%20player.tmt" importTitle="" />
    <Mapping exportTitle="Rich%20text.tmt" importTitle="" />
    <Mapping exportTitle="Sound%20file.tmt" importTitle="" />
    <Mapping exportTitle="Test.tmt" importTitle="" />
    <Mapping exportTitle="Word%20document.tmt" importTitle="" />
    <Mapping exportTitle="Zip%20file.tmt" importTitle="" />
  </ItemSet>
  <ItemSet role="Group">
    <Mapping exportTitle="Approver.tgp" importTitle="" />
    <Mapping exportTitle="Author.tgp" importTitle="" />
    <Mapping exportTitle="Everyone.tgp" importTitle="" />
  </ItemSet>
  <ItemSet role="ApprovalStatus">
    <Mapping exportTitle="Default_Draft.tas" importTitle="" />
    <Mapping exportTitle="Default_Live.tas" importTitle="" />
    <Mapping exportTitle="Default_Staging.tas" importTitle="" />
  </ItemSet>
  <ItemSet role="ProcessDefinition">
    <Mapping exportContext="/000%20Empty%20Parent" exportTitle="One%20Step%20Workflow%20Process.tpd" importContext="" importTitle="" />
    <Mapping exportContext="/000%20Empty%20Parent" exportTitle="Task%20Process.tpd" importContext="" importTitle="" />
  </ItemSet>
</Mappings>