<PackageItem xmlns:tcm="http://www.tridion.com/ContentManager/5.0" xmlns:xlink="http://www.w3.org/1999/xlink" xmlns="http://www.sdltridion.com/ContentManager/ImportExport/Package/2013">
  <Data>
    <tcm:Data>
      <tcm:Title>Default Component Template</tcm:Title>
      <tcm:Type>CompoundTemplate</tcm:Type>
      <tcm:Priority>200</tcm:Priority>
      <tcm:OutputFormat>HTML Fragment</tcm:OutputFormat>
      <tcm:Content>
        <tcm:PublisherScript>&lt;CompoundTemplate xmlns="http://www.tridion.com/ContentManager/5.3/CompoundTemplate"&gt;
  &lt;TemplateInvocation&gt;
    &lt;Template xlink:href="/webdav/000%20Empty%20Parent/Building%20Blocks/Default%20Templates/Default%20Dreamweaver%20Component%20Design.dwt" xmlns:xlink="http://www.w3.org/1999/xlink" xlink:title="Default Dreamweaver Component Design" /&gt;
  &lt;/TemplateInvocation&gt;
  &lt;TemplateInvocation&gt;
    &lt;Template xlink:href="/webdav/000%20Empty%20Parent/Building%20Blocks/Default%20Templates/Default%20Finish%20Actions.tbbcmp" xmlns:xlink="http://www.w3.org/1999/xlink" xlink:title="Default Finish Actions" /&gt;
  &lt;/TemplateInvocation&gt;
&lt;/CompoundTemplate&gt;</tcm:PublisherScript>
        <tcm:DynamicTemplate />
      </tcm:Content>
      <tcm:AllowOnPage>true</tcm:AllowOnPage>
      <tcm:IsRepositoryPublishable>false</tcm:IsRepositoryPublishable>
      <tcm:RelatedSchemas />
      <tcm:TrackingCategories />
      <tcm:MetadataSchema xlink:type="simple" xlink:title="" xlink:href="tcm:0-0-0" />
      <tcm:ParameterSchema xlink:type="simple" xlink:title="" xlink:href="tcm:0-0-0" />
      <tcm:Metadata />
    </tcm:Data>
  </Data>
  <Dependencies>
    <Dependency dependencyType="Publication" itemUrl="/webdav/000%20Empty%20Parent" linkName="LocationInfo/ContextRepository" />
    <Dependency dependencyType="OrganizationalItemFolder" itemUrl="/webdav/000%20Empty%20Parent/Building%20Blocks/Default%20Templates" linkName="LocationInfo/OrganizationalItem" />
    <Dependency dependencyType="TemplateLinkedItem" itemUrl="/webdav/000%20Empty%20Parent/Building%20Blocks/Default%20Templates/Default%20Dreamweaver%20Component%20Design.dwt" linkName="ExtractedReferences[0]" />
    <Dependency dependencyType="TemplateLinkedItem" itemUrl="/webdav/000%20Empty%20Parent/Building%20Blocks/Default%20Templates/Default%20Finish%20Actions.tbbcmp" linkName="ExtractedReferences[1]" />
  </Dependencies>
</PackageItem>